instance,seed,cutoff,size,ref,rel_err,valid,wall_time
large1,1,60,3303,3303,0.0000,1,60.0090
large1,2,60,3303,3303,0.0000,1,60.0229
large1,3,60,3303,3303,0.0000,1,60.0094
large1,4,60,3303,3303,0.0000,1,60.0217
large1,5,60,3303,3303,0.0000,1,60.0130
large1,6,60,3303,3303,0.0000,1,60.0311
large1,7,60,3303,3303,0.0000,1,60.0458
large1,8,60,3303,3303,0.0000,1,60.0334
large1,9,60,3303,3303,0.0000,1,60.0099
large1,10,60,3303,3303,0.0000,1,60.0385
large1,11,60,3303,3303,0.0000,1,60.0196
large1,12,60,3303,3303,0.0000,1,60.0153
large1,13,60,3303,3303,0.0000,1,60.0416
large1,14,60,3303,3303,0.0000,1,60.0566
large1,15,60,3303,3303,0.0000,1,60.0174
large1,16,60,3303,3303,0.0000,1,60.0277
large1,17,60,3303,3303,0.0000,1,60.0177
large1,18,60,3303,3303,0.0000,1,60.0246
large1,19,60,3303,3303,0.0000,1,60.0421
large1,20,60,3303,3303,0.0000,1,60.0344
large1,21,60,3303,3303,0.0000,1,60.0185
large1,22,60,3303,3303,0.0000,1,60.0339
large1,23,60,3303,3303,0.0000,1,60.0392
large1,24,60,3303,3303,0.0000,1,60.0169
large1,25,60,3303,3303,0.0000,1,60.0134
large1,26,60,3303,3303,0.0000,1,60.0269
large1,27,60,3303,3303,0.0000,1,60.0292
large1,28,60,3303,3303,0.0000,1,60.0263
large1,29,60,3303,3303,0.0000,1,60.0369
large1,30,60,3303,3303,0.0000,1,60.0544
large1,31,60,3303,3303,0.0000,1,60.0611
large1,32,60,3303,3303,0.0000,1,60.0061
large1,33,60,3303,3303,0.0000,1,60.0700
large1,34,60,3303,3303,0.0000,1,60.0299
large1,35,60,3303,3303,0.0000,1,60.0559
large1,36,60,3303,3303,0.0000,1,60.0445
large1,37,60,3303,3303,0.0000,1,60.0301
large1,38,60,3303,3303,0.0000,1,60.0056
large1,39,60,3303,3303,0.0000,1,60.0510
large1,40,60,3303,3303,0.0000,1,60.0150
large1,41,60,3303,3303,0.0000,1,60.0588
large1,42,60,3303,3303,0.0000,1,60.0299
large1,43,60,3303,3303,0.0000,1,60.0126
large1,44,60,3303,3303,0.0000,1,60.0268
large1,45,60,3303,3303,0.0000,1,60.0235
large1,46,60,3303,3303,0.0000,1,60.0137
large1,47,60,3303,3303,0.0000,1,60.0176
large1,48,60,3303,3303,0.0000,1,60.0200
large1,49,60,3303,3303,0.0000,1,60.0213
large1,50,60,3303,3303,0.0000,1,60.0163
large10,1,60,933,933,0.0000,1,60.0956
large10,2,60,933,933,0.0000,1,60.2339
large10,3,60,933,933,0.0000,1,60.2514
large10,4,60,933,933,0.0000,1,60.3648
large10,5,60,933,933,0.0000,1,60.1260
large10,6,60,933,933,0.0000,1,60.2198
large10,7,60,933,933,0.0000,1,60.2183
large10,8,60,933,933,0.0000,1,60.1284
large10,9,60,933,933,0.0000,1,60.1749
large10,10,60,933,933,0.0000,1,60.2915
large10,11,60,933,933,0.0000,1,62.7109
large10,12,60,933,933,0.0000,1,62.5154
large10,13,60,933,933,0.0000,1,60.3964
large10,14,60,933,933,0.0000,1,60.5067
large10,15,60,933,933,0.0000,1,62.4285
large10,16,60,933,933,0.0000,1,60.0965
large10,17,60,933,933,0.0000,1,61.8008
large10,18,60,933,933,0.0000,1,61.5739
large10,19,60,933,933,0.0000,1,63.5320
large10,20,60,933,933,0.0000,1,60.1613
large10,21,60,933,933,0.0000,1,60.1617
large10,22,60,933,933,0.0000,1,60.0415
large10,23,60,933,933,0.0000,1,60.0911
large10,24,60,933,933,0.0000,1,60.0922
large10,25,60,933,933,0.0000,1,60.1757
large10,26,60,933,933,0.0000,1,60.0889
large10,27,60,933,933,0.0000,1,60.1597
large10,28,60,933,933,0.0000,1,60.0603
large10,29,60,933,933,0.0000,1,60.0747
large10,30,60,933,933,0.0000,1,60.0411
large10,31,60,933,933,0.0000,1,60.1650
large10,32,60,933,933,0.0000,1,60.2128
large10,33,60,933,933,0.0000,1,60.2103
large10,34,60,933,933,0.0000,1,60.2924
large10,35,60,933,933,0.0000,1,60.1959
large10,36,60,933,933,0.0000,1,61.8589
large10,37,60,933,933,0.0000,1,60.2535
large10,38,60,933,933,0.0000,1,61.3725
large10,39,60,933,933,0.0000,1,60.1418
large10,40,60,933,933,0.0000,1,62.7560
large10,41,60,933,933,0.0000,1,63.2674
large10,42,60,933,933,0.0000,1,62.5122
large10,43,60,933,933,0.0000,1,63.1286
large10,44,60,933,933,0.0000,1,61.8294
large10,45,60,933,933,0.0000,1,62.1304
large10,46,60,933,933,0.0000,1,64.4563
large10,47,60,933,933,0.0000,1,63.2901
large10,48,60,933,933,0.0000,1,64.5871
large10,49,60,933,933,0.0000,1,62.9406
large10,50,60,933,933,0.0000,1,61.6932
large11,1,60,990,989,0.0010,1,60.2435
large11,2,60,990,989,0.0010,1,60.4018
large11,3,60,990,989,0.0010,1,60.1347
large11,4,60,990,989,0.0010,1,60.3759
large11,5,60,990,989,0.0010,1,60.1715
large11,6,60,990,989,0.0010,1,60.3105
large11,7,60,990,989,0.0010,1,60.2287
large11,8,60,990,989,0.0010,1,60.1001
large11,9,60,990,989,0.0010,1,60.3050
large11,10,60,990,989,0.0010,1,60.3163
large11,11,60,990,989,0.0010,1,60.0851
large11,12,60,990,989,0.0010,1,60.1501
large11,13,60,990,989,0.0010,1,60.1449
large11,14,60,990,989,0.0010,1,60.2822
large11,15,60,990,989,0.0010,1,60.2150
large11,16,60,990,989,0.0010,1,60.1030
large11,17,60,990,989,0.0010,1,60.3289
large11,18,60,990,989,0.0010,1,60.3925
large11,19,60,990,989,0.0010,1,60.3305
large11,20,60,990,989,0.0010,1,60.3830
large11,21,60,989,989,0.0000,1,60.2101
large11,22,60,990,989,0.0010,1,60.1696
large11,23,60,990,989,0.0010,1,60.0767
large11,24,60,991,989,0.0020,1,60.5371
large11,25,60,990,989,0.0010,1,60.2628
large11,26,60,991,989,0.0020,1,60.1561
large11,27,60,990,989,0.0010,1,60.4840
large11,28,60,991,989,0.0020,1,60.1218
large11,29,60,990,989,0.0010,1,60.5058
large11,30,60,990,989,0.0010,1,60.0981
large11,31,60,990,989,0.0010,1,60.4425
large11,32,60,990,989,0.0010,1,60.5181
large11,33,60,990,989,0.0010,1,60.2812
large11,34,60,990,989,0.0010,1,60.1393
large11,35,60,990,989,0.0010,1,60.3165
large11,36,60,990,989,0.0010,1,60.2887
large11,37,60,990,989,0.0010,1,60.2052
large11,38,60,991,989,0.0020,1,60.3461
large11,39,60,990,989,0.0010,1,60.4189
large11,40,60,990,989,0.0010,1,60.2539
large11,41,60,990,989,0.0010,1,60.3886
large11,42,60,990,989,0.0010,1,60.3512
large11,43,60,990,989,0.0010,1,60.1508
large11,44,60,990,989,0.0010,1,60.1444
large11,45,60,990,989,0.0010,1,60.2825
large11,46,60,990,989,0.0010,1,60.2522
large11,47,60,990,989,0.0010,1,60.3593
large11,48,60,990,989,0.0010,1,60.0643
large11,49,60,989,989,0.0000,1,60.0888
large11,50,60,990,989,0.0010,1,60.1100
large12,1,60,1440,1438,0.0014,1,60.2273
large12,2,60,1441,1438,0.0021,1,60.1373
large12,3,60,1441,1438,0.0021,1,60.2753
large12,4,60,1440,1438,0.0014,1,60.1563
large12,5,60,1441,1438,0.0021,1,60.2753
large12,6,60,1439,1438,0.0007,1,60.5938
large12,7,60,1443,1438,0.0035,1,60.4336
large12,8,60,1440,1438,0.0014,1,60.1620
large12,9,60,1441,1438,0.0021,1,60.1631
large12,10,60,1442,1438,0.0028,1,60.4842
large12,11,60,1440,1438,0.0014,1,60.8663
large12,12,60,1438,1438,0.0000,1,60.6389
large12,13,60,1438,1438,0.0000,1,60.4803
large12,14,60,1440,1438,0.0014,1,60.1882
large12,15,60,1443,1438,0.0035,1,60.3088
large12,16,60,1438,1438,0.0000,1,60.6089
large12,17,60,1439,1438,0.0007,1,60.5003
large12,18,60,1440,1438,0.0014,1,60.4431
large12,19,60,1440,1438,0.0014,1,60.3299
large12,20,60,1442,1438,0.0028,1,60.1571
large12,21,60,1442,1438,0.0028,1,60.4142
large12,22,60,1440,1438,0.0014,1,60.4139
large12,23,60,1439,1438,0.0007,1,60.2188
large12,24,60,1438,1438,0.0000,1,60.4839
large12,25,60,1440,1438,0.0014,1,60.5229
large12,26,60,1439,1438,0.0007,1,60.3049
large12,27,60,1439,1438,0.0007,1,60.3373
large12,28,60,1443,1438,0.0035,1,60.1100
large12,29,60,1442,1438,0.0028,1,60.2164
large12,30,60,1441,1438,0.0021,1,60.1925
large12,31,60,1438,1438,0.0000,1,60.3148
large12,32,60,1441,1438,0.0021,1,60.7025
large12,33,60,1440,1438,0.0014,1,60.3993
large12,34,60,1439,1438,0.0007,1,60.6316
large12,35,60,1440,1438,0.0014,1,60.6210
large12,36,60,1441,1438,0.0021,1,60.1796
large12,37,60,1443,1438,0.0035,1,60.2719
large12,38,60,1443,1438,0.0035,1,60.3518
large12,39,60,1440,1438,0.0014,1,60.1454
large12,40,60,1442,1438,0.0028,1,60.3479
large12,41,60,1438,1438,0.0000,1,60.0562
large12,42,60,1440,1438,0.0014,1,60.2002
large12,43,60,1440,1438,0.0014,1,60.2974
large12,44,60,1442,1438,0.0028,1,60.2439
large12,45,60,1440,1438,0.0014,1,60.1512
large12,46,60,1440,1438,0.0014,1,60.2638
large12,47,60,1443,1438,0.0035,1,60.2703
large12,48,60,1440,1438,0.0014,1,60.2311
large12,49,60,1443,1438,0.0035,1,60.2232
large12,50,60,1440,1438,0.0014,1,60.6581
large2,1,60,594,594,0.0000,1,60.0037
large2,2,60,594,594,0.0000,1,60.0215
large2,3,60,594,594,0.0000,1,60.0105
large2,4,60,594,594,0.0000,1,60.0577
large2,5,60,594,594,0.0000,1,60.0244
large2,6,60,594,594,0.0000,1,60.0036
large2,7,60,594,594,0.0000,1,60.0063
large2,8,60,594,594,0.0000,1,60.0174
large2,9,60,594,594,0.0000,1,60.0071
large2,10,60,594,594,0.0000,1,60.0159
large2,11,60,594,594,0.0000,1,60.0059
large2,12,60,594,594,0.0000,1,60.0091
large2,13,60,594,594,0.0000,1,60.0184
large2,14,60,594,594,0.0000,1,60.0235
large2,15,60,594,594,0.0000,1,60.0057
large2,16,60,594,594,0.0000,1,60.0061
large2,17,60,594,594,0.0000,1,60.0233
large2,18,60,594,594,0.0000,1,60.0076
large2,19,60,594,594,0.0000,1,60.0018
large2,20,60,594,594,0.0000,1,60.0279
large2,21,60,594,594,0.0000,1,60.0114
large2,22,60,594,594,0.0000,1,60.0067
large2,23,60,594,594,0.0000,1,60.0483
large2,24,60,594,594,0.0000,1,60.0054
large2,25,60,594,594,0.0000,1,60.0539
large2,26,60,594,594,0.0000,1,60.0018
large2,27,60,594,594,0.0000,1,60.0334
large2,28,60,594,594,0.0000,1,60.0177
large2,29,60,594,594,0.0000,1,60.0172
large2,30,60,594,594,0.0000,1,60.0229
large2,31,60,594,594,0.0000,1,60.0120
large2,32,60,594,594,0.0000,1,60.0049
large2,33,60,594,594,0.0000,1,60.0024
large2,34,60,594,594,0.0000,1,60.1519
large2,35,60,594,594,0.0000,1,60.0127
large2,36,60,594,594,0.0000,1,60.0118
large2,37,60,594,594,0.0000,1,60.0086
large2,38,60,594,594,0.0000,1,60.0065
large2,39,60,594,594,0.0000,1,60.0149
large2,40,60,594,594,0.0000,1,60.0026
large2,41,60,594,594,0.0000,1,60.0018
large2,42,60,594,594,0.0000,1,60.0086
large2,43,60,594,594,0.0000,1,60.0155
large2,44,60,594,594,0.0000,1,60.0032
large2,45,60,594,594,0.0000,1,60.0015
large2,46,60,594,594,0.0000,1,60.0110
large2,47,60,594,594,0.0000,1,60.0051
large2,48,60,594,594,0.0000,1,60.0057
large2,49,60,594,594,0.0000,1,60.0236
large2,50,60,594,594,0.0000,1,60.0004
large3,1,60,2203,2203,0.0000,1,60.0042
large3,2,60,2203,2203,0.0000,1,60.0148
large3,3,60,2203,2203,0.0000,1,60.0020
large3,4,60,2203,2203,0.0000,1,60.0034
large3,5,60,2204,2203,0.0005,1,60.0159
large3,6,60,2204,2203,0.0005,1,60.0069
large3,7,60,2203,2203,0.0000,1,60.0826
large3,8,60,2203,2203,0.0000,1,60.0143
large3,9,60,2203,2203,0.0000,1,60.0247
large3,10,60,2203,2203,0.0000,1,60.0022
large3,11,60,2203,2203,0.0000,1,60.0011
large3,12,60,2204,2203,0.0005,1,60.0101
large3,13,60,2204,2203,0.0005,1,60.0049
large3,14,60,2204,2203,0.0005,1,60.0103
large3,15,60,2203,2203,0.0000,1,60.0244
large3,16,60,2203,2203,0.0000,1,60.1284
large3,17,60,2204,2203,0.0005,1,60.0036
large3,18,60,2203,2203,0.0000,1,60.0091
large3,19,60,2203,2203,0.0000,1,60.0095
large3,20,60,2203,2203,0.0000,1,60.0067
large3,21,60,2204,2203,0.0005,1,60.0109
large3,22,60,2203,2203,0.0000,1,60.0062
large3,23,60,2205,2203,0.0009,1,60.0052
large3,24,60,2203,2203,0.0000,1,60.0234
large3,25,60,2204,2203,0.0005,1,60.0040
large3,26,60,2203,2203,0.0000,1,60.0048
large3,27,60,2204,2203,0.0005,1,60.0135
large3,28,60,2203,2203,0.0000,1,60.0144
large3,29,60,2203,2203,0.0000,1,60.0103
large3,30,60,2203,2203,0.0000,1,60.0161
large3,31,60,2203,2203,0.0000,1,60.1411
large3,32,60,2203,2203,0.0000,1,60.0182
large3,33,60,2203,2203,0.0000,1,60.0176
large3,34,60,2203,2203,0.0000,1,60.0056
large3,35,60,2203,2203,0.0000,1,60.0106
large3,36,60,2203,2203,0.0000,1,60.0051
large3,37,60,2203,2203,0.0000,1,60.0243
large3,38,60,2203,2203,0.0000,1,60.0246
large3,39,60,2204,2203,0.0005,1,60.0109
large3,40,60,2203,2203,0.0000,1,60.0193
large3,41,60,2203,2203,0.0000,1,60.0024
large3,42,60,2204,2203,0.0005,1,60.0066
large3,43,60,2203,2203,0.0000,1,60.0013
large3,44,60,2203,2203,0.0000,1,60.0087
large3,45,60,2203,2203,0.0000,1,60.0120
large3,46,60,2203,2203,0.0000,1,60.0079
large3,47,60,2203,2203,0.0000,1,60.0892
large3,48,60,2203,2203,0.0000,1,60.0102
large3,49,60,2203,2203,0.0000,1,60.0042
large3,50,60,2203,2203,0.0000,1,60.0197
large4,1,60,3926,3926,0.0000,1,60.0245
large4,2,60,3926,3926,0.0000,1,60.0047
large4,3,60,3926,3926,0.0000,1,60.0329
large4,4,60,3926,3926,0.0000,1,60.0066
large4,5,60,3926,3926,0.0000,1,60.0102
large4,6,60,3926,3926,0.0000,1,60.0271
large4,7,60,3926,3926,0.0000,1,60.2054
large4,8,60,3926,3926,0.0000,1,60.0125
large4,9,60,3926,3926,0.0000,1,60.0171
large4,10,60,3926,3926,0.0000,1,60.0412
large4,11,60,3926,3926,0.0000,1,60.0020
large4,12,60,3926,3926,0.0000,1,60.0290
large4,13,60,3926,3926,0.0000,1,60.0121
large4,14,60,3926,3926,0.0000,1,60.0028
large4,15,60,3926,3926,0.0000,1,60.0752
large4,16,60,3926,3926,0.0000,1,60.0187
large4,17,60,3926,3926,0.0000,1,60.0139
large4,18,60,3926,3926,0.0000,1,60.0875
large4,19,60,3926,3926,0.0000,1,60.0073
large4,20,60,3926,3926,0.0000,1,60.0156
large4,21,60,3926,3926,0.0000,1,60.0194
large4,22,60,3926,3926,0.0000,1,60.0362
large4,23,60,3926,3926,0.0000,1,60.0336
large4,24,60,3926,3926,0.0000,1,60.0043
large4,25,60,3926,3926,0.0000,1,60.0019
large4,26,60,3926,3926,0.0000,1,60.0102
large4,27,60,3926,3926,0.0000,1,60.0165
large4,28,60,3926,3926,0.0000,1,60.0143
large4,29,60,3926,3926,0.0000,1,60.0118
large4,30,60,3926,3926,0.0000,1,60.0151
large4,31,60,3926,3926,0.0000,1,60.0256
large4,32,60,3926,3926,0.0000,1,60.0185
large4,33,60,3926,3926,0.0000,1,60.0203
large4,34,60,3926,3926,0.0000,1,60.0040
large4,35,60,3926,3926,0.0000,1,60.0155
large4,36,60,3926,3926,0.0000,1,60.0187
large4,37,60,3926,3926,0.0000,1,60.0079
large4,38,60,3926,3926,0.0000,1,60.0249
large4,39,60,3926,3926,0.0000,1,60.0475
large4,40,60,3926,3926,0.0000,1,60.0369
large4,41,60,3926,3926,0.0000,1,60.0329
large4,42,60,3926,3926,0.0000,1,60.0068
large4,43,60,3926,3926,0.0000,1,60.0171
large4,44,60,3926,3926,0.0000,1,60.0200
large4,45,60,3926,3926,0.0000,1,60.0252
large4,46,60,3926,3926,0.0000,1,60.0511
large4,47,60,3926,3926,0.0000,1,60.0080
large4,48,60,3926,3926,0.0000,1,60.0413
large4,49,60,3926,3926,0.0000,1,60.0476
large4,50,60,3926,3926,0.0000,1,60.0169
large5,1,60,1000,1000,0.0000,1,60.1383
large5,2,60,1000,1000,0.0000,1,60.9504
large5,3,60,1000,1000,0.0000,1,60.5503
large5,4,60,1000,1000,0.0000,1,60.2358
large5,5,60,1000,1000,0.0000,1,60.4349
large5,6,60,1000,1000,0.0000,1,60.3634
large5,7,60,1000,1000,0.0000,1,60.1382
large5,8,60,1000,1000,0.0000,1,60.9337
large5,9,60,1000,1000,0.0000,1,61.0163
large5,10,60,1000,1000,0.0000,1,61.6096
large5,11,60,1000,1000,0.0000,1,60.3876
large5,12,60,1000,1000,0.0000,1,62.9648
large5,13,60,1000,1000,0.0000,1,63.0982
large5,14,60,1000,1000,0.0000,1,61.0316
large5,15,60,1000,1000,0.0000,1,60.3524
large5,16,60,1000,1000,0.0000,1,62.0330
large5,17,60,1000,1000,0.0000,1,60.3047
large5,18,60,1000,1000,0.0000,1,61.3541
large5,19,60,1000,1000,0.0000,1,61.2034
large5,20,60,1000,1000,0.0000,1,61.1291
large5,21,60,1000,1000,0.0000,1,60.5907
large5,22,60,1000,1000,0.0000,1,60.8649
large5,23,60,1000,1000,0.0000,1,60.5427
large5,24,60,1000,1000,0.0000,1,61.7993
large5,25,60,1000,1000,0.0000,1,64.1532
large5,26,60,1000,1000,0.0000,1,61.3108
large5,27,60,1000,1000,0.0000,1,60.6930
large5,28,60,1000,1000,0.0000,1,62.2025
large5,29,60,1000,1000,0.0000,1,62.4583
large5,30,60,1000,1000,0.0000,1,60.5764
large5,31,60,1000,1000,0.0000,1,61.8107
large5,32,60,1000,1000,0.0000,1,62.3123
large5,33,60,1000,1000,0.0000,1,61.0507
large5,34,60,1000,1000,0.0000,1,60.4492
large5,35,60,1000,1000,0.0000,1,63.6823
large5,36,60,1000,1000,0.0000,1,60.7403
large5,37,60,1000,1000,0.0000,1,61.2205
large5,38,60,1000,1000,0.0000,1,60.8728
large5,39,60,1000,1000,0.0000,1,61.0006
large5,40,60,1000,1000,0.0000,1,61.9477
large5,41,60,1000,1000,0.0000,1,60.8932
large5,42,60,1000,1000,0.0000,1,61.2541
large5,43,60,1000,1000,0.0000,1,60.1468
large5,44,60,1000,1000,0.0000,1,60.3463
large5,45,60,1000,1000,0.0000,1,60.5304
large5,46,60,1000,1000,0.0000,1,61.0622
large5,47,60,1000,1000,0.0000,1,61.0520
large5,48,60,1000,1000,0.0000,1,60.3468
large5,49,60,1000,1000,0.0000,1,60.4965
large5,50,60,1000,1000,0.0000,1,65.2683
large6,1,60,980,980,0.0000,1,60.6083
large6,2,60,980,980,0.0000,1,60.4472
large6,3,60,980,980,0.0000,1,60.7948
large6,4,60,980,980,0.0000,1,60.5057
large6,5,60,980,980,0.0000,1,60.2527
large6,6,60,980,980,0.0000,1,60.6653
large6,7,60,980,980,0.0000,1,60.5717
large6,8,60,980,980,0.0000,1,60.0963
large6,9,60,980,980,0.0000,1,60.5554
large6,10,60,980,980,0.0000,1,60.1790
large6,11,60,980,980,0.0000,1,60.7731
large6,12,60,980,980,0.0000,1,60.8062
large6,13,60,980,980,0.0000,1,60.1438
large6,14,60,980,980,0.0000,1,61.0379
large6,15,60,980,980,0.0000,1,60.3527
large6,16,60,980,980,0.0000,1,60.6327
large6,17,60,980,980,0.0000,1,60.8408
large6,18,60,980,980,0.0000,1,60.4002
large6,19,60,980,980,0.0000,1,60.8894
large6,20,60,980,980,0.0000,1,60.1548
large6,21,60,980,980,0.0000,1,60.9390
large6,22,60,980,980,0.0000,1,60.1137
large6,23,60,980,980,0.0000,1,61.2050
large6,24,60,980,980,0.0000,1,60.3373
large6,25,60,980,980,0.0000,1,61.2184
large6,26,60,980,980,0.0000,1,61.0229
large6,27,60,980,980,0.0000,1,62.4720
large6,28,60,980,980,0.0000,1,62.1439
large6,29,60,980,980,0.0000,1,60.7875
large6,30,60,980,980,0.0000,1,61.8896
large6,31,60,980,980,0.0000,1,60.3847
large6,32,60,980,980,0.0000,1,60.2425
large6,33,60,980,980,0.0000,1,60.3434
large6,34,60,980,980,0.0000,1,60.3627
large6,35,60,980,980,0.0000,1,60.7188
large6,36,60,980,980,0.0000,1,60.7404
large6,37,60,980,980,0.0000,1,60.1892
large6,38,60,980,980,0.0000,1,60.8653
large6,39,60,980,980,0.0000,1,60.1785
large6,40,60,980,980,0.0000,1,60.3827
large6,41,60,980,980,0.0000,1,60.1332
large6,42,60,980,980,0.0000,1,60.6344
large6,43,60,980,980,0.0000,1,60.3757
large6,44,60,980,980,0.0000,1,60.4810
large6,45,60,980,980,0.0000,1,60.0809
large6,46,60,980,980,0.0000,1,60.2116
large6,47,60,980,980,0.0000,1,60.5231
large6,48,60,980,980,0.0000,1,60.8573
large6,49,60,980,980,0.0000,1,60.9141
large6,50,60,980,980,0.0000,1,60.2792
large7,1,60,1928,1917,0.0057,1,60.1278
large7,2,60,1929,1917,0.0063,1,60.2046
large7,3,60,1930,1917,0.0068,1,60.1189
large7,4,60,1926,1917,0.0047,1,60.1894
large7,5,60,1930,1917,0.0068,1,60.0375
large7,6,60,1929,1917,0.0063,1,60.2018
large7,7,60,1930,1917,0.0068,1,60.0936
large7,8,60,1929,1917,0.0063,1,60.1267
large7,9,60,1931,1917,0.0073,1,60.1370
large7,10,60,1928,1917,0.0057,1,60.0372
large7,11,60,1926,1917,0.0047,1,60.0349
large7,12,60,1932,1917,0.0078,1,60.0754
large7,13,60,1928,1917,0.0057,1,60.1260
large7,14,60,1928,1917,0.0057,1,60.0597
large7,15,60,1930,1917,0.0068,1,60.2425
large7,16,60,1929,1917,0.0063,1,60.1630
large7,17,60,1928,1917,0.0057,1,60.0446
large7,18,60,1929,1917,0.0063,1,60.0783
large7,19,60,1928,1917,0.0057,1,60.1408
large7,20,60,1931,1917,0.0073,1,60.0594
large7,21,60,1928,1917,0.0057,1,60.2379
large7,22,60,1931,1917,0.0073,1,60.0976
large7,23,60,1929,1917,0.0063,1,60.1422
large7,24,60,1930,1917,0.0068,1,60.0528
large7,25,60,1931,1917,0.0073,1,60.1295
large7,26,60,1928,1917,0.0057,1,60.1016
large7,27,60,1932,1917,0.0078,1,60.0559
large7,28,60,1929,1917,0.0063,1,60.1381
large7,29,60,1930,1917,0.0068,1,60.3375
large7,30,60,1932,1917,0.0078,1,60.2090
large7,31,60,1929,1917,0.0063,1,60.1127
large7,32,60,1930,1917,0.0068,1,60.1225
large7,33,60,1929,1917,0.0063,1,60.0767
large7,34,60,1932,1917,0.0078,1,60.0976
large7,35,60,1929,1917,0.0063,1,60.0821
large7,36,60,1927,1917,0.0052,1,60.1526
large7,37,60,1930,1917,0.0068,1,60.0335
large7,38,60,1929,1917,0.0063,1,60.1006
large7,39,60,1929,1917,0.0063,1,60.1896
large7,40,60,1933,1917,0.0083,1,60.0818
large7,41,60,1932,1917,0.0078,1,63.0457
large7,42,60,1930,1917,0.0068,1,62.5247
large7,43,60,1932,1917,0.0078,1,64.8694
large7,44,60,1928,1917,0.0057,1,60.1319
large7,45,60,1930,1917,0.0068,1,60.2875
large7,46,60,1929,1917,0.0063,1,60.1455
large7,47,60,1928,1917,0.0057,1,60.1538
large7,48,60,1932,1917,0.0078,1,60.1172
large7,49,60,1931,1917,0.0073,1,60.4008
large7,50,60,1929,1917,0.0063,1,60.0772
large8,1,60,1803,1785,0.0101,1,60.1887
large8,2,60,1803,1785,0.0101,1,60.1106
large8,3,60,1798,1785,0.0073,1,60.0826
large8,4,60,1807,1785,0.0123,1,60.1440
large8,5,60,1804,1785,0.0106,1,60.0740
large8,6,60,1805,1785,0.0112,1,60.1592
large8,7,60,1801,1785,0.0090,1,60.1086
large8,8,60,1806,1785,0.0118,1,60.0465
large8,9,60,1802,1785,0.0095,1,60.0411
large8,10,60,1803,1785,0.0101,1,60.1187
large8,11,60,1800,1785,0.0084,1,60.0630
large8,12,60,1807,1785,0.0123,1,60.1405
large8,13,60,1807,1785,0.0123,1,60.0695
large8,14,60,1803,1785,0.0101,1,60.0262
large8,15,60,1800,1785,0.0084,1,60.0575
large8,16,60,1803,1785,0.0101,1,60.0683
large8,17,60,1802,1785,0.0095,1,60.0348
large8,18,60,1804,1785,0.0106,1,60.1715
large8,19,60,1804,1785,0.0106,1,60.1140
large8,20,60,1807,1785,0.0123,1,60.0284
large8,21,60,1804,1785,0.0106,1,61.1226
large8,22,60,1807,1785,0.0123,1,60.1370
large8,23,60,1805,1785,0.0112,1,60.0620
large8,24,60,1804,1785,0.0106,1,60.0515
large8,25,60,1802,1785,0.0095,1,60.0524
large8,26,60,1804,1785,0.0106,1,60.0475
large8,27,60,1798,1785,0.0073,1,61.2554
large8,28,60,1803,1785,0.0101,1,60.0563
large8,29,60,1797,1785,0.0067,1,60.1665
large8,30,60,1800,1785,0.0084,1,60.0607
large8,31,60,1802,1785,0.0095,1,60.0476
large8,32,60,1807,1785,0.0123,1,60.0455
large8,33,60,1798,1785,0.0073,1,60.0248
large8,34,60,1801,1785,0.0090,1,60.0830
large8,35,60,1801,1785,0.0090,1,60.0714
large8,36,60,1804,1785,0.0106,1,60.1203
large8,37,60,1795,1785,0.0056,1,60.0625
large8,38,60,1800,1785,0.0084,1,60.1027
large8,39,60,1801,1785,0.0090,1,60.0324
large8,40,60,1803,1785,0.0101,1,60.2579
large8,41,60,1803,1785,0.0101,1,60.0893
large8,42,60,1803,1785,0.0101,1,60.1198
large8,43,60,1810,1785,0.0140,1,60.0451
large8,44,60,1802,1785,0.0095,1,60.0332
large8,45,60,1808,1785,0.0129,1,60.0554
large8,46,60,1799,1785,0.0078,1,60.0583
large8,47,60,1804,1785,0.0106,1,60.0250
large8,48,60,1806,1785,0.0118,1,60.0216
large8,49,60,1798,1785,0.0073,1,60.0236
large8,50,60,1794,1785,0.0050,1,60.9781
large9,1,60,791,790,0.0013,1,60.1011
large9,2,60,791,790,0.0013,1,60.0927
large9,3,60,791,790,0.0013,1,60.1026
large9,4,60,791,790,0.0013,1,60.0350
large9,5,60,790,790,0.0000,1,60.1590
large9,6,60,791,790,0.0013,1,60.1603
large9,7,60,791,790,0.0013,1,60.1258
large9,8,60,791,790,0.0013,1,60.0655
large9,9,60,791,790,0.0013,1,60.2143
large9,10,60,791,790,0.0013,1,60.0458
large9,11,60,790,790,0.0000,1,60.0565
large9,12,60,790,790,0.0000,1,60.1220
large9,13,60,791,790,0.0013,1,60.0931
large9,14,60,790,790,0.0000,1,60.3268
large9,15,60,790,790,0.0000,1,60.0930
large9,16,60,791,790,0.0013,1,60.1784
large9,17,60,790,790,0.0000,1,60.1380
large9,18,60,791,790,0.0013,1,60.0557
large9,19,60,790,790,0.0000,1,60.0674
large9,20,60,790,790,0.0000,1,62.3182
large9,21,60,790,790,0.0000,1,60.0368
large9,22,60,791,790,0.0013,1,60.1264
large9,23,60,791,790,0.0013,1,60.2721
large9,24,60,791,790,0.0013,1,60.1648
large9,25,60,791,790,0.0013,1,60.0366
large9,26,60,791,790,0.0013,1,60.0700
large9,27,60,790,790,0.0000,1,60.1854
large9,28,60,791,790,0.0013,1,60.1347
large9,29,60,791,790,0.0013,1,60.3362
large9,30,60,791,790,0.0013,1,60.1073
large9,31,60,790,790,0.0000,1,60.2105
large9,32,60,790,790,0.0000,1,60.0887
large9,33,60,791,790,0.0013,1,60.1730
large9,34,60,790,790,0.0000,1,60.1647
large9,35,60,790,790,0.0000,1,60.1969
large9,36,60,790,790,0.0000,1,60.3206
large9,37,60,790,790,0.0000,1,60.0999
large9,38,60,790,790,0.0000,1,60.3164
large9,39,60,790,790,0.0000,1,60.0441
large9,40,60,790,790,0.0000,1,60.0589
large9,41,60,790,790,0.0000,1,60.1308
large9,42,60,790,790,0.0000,1,60.1219
large9,43,60,790,790,0.0000,1,60.1972
large9,44,60,791,790,0.0013,1,60.0503
large9,45,60,791,790,0.0013,1,60.1624
large9,46,60,790,790,0.0000,1,60.1026
large9,47,60,791,790,0.0013,1,60.1145
large9,48,60,790,790,0.0000,1,60.1332
large9,49,60,791,790,0.0013,1,60.1485
large9,50,60,791,790,0.0013,1,60.1961
small1,1,2,21,21,0.0000,1,2.0025
small1,2,2,21,21,0.0000,1,2.0094
small1,3,2,21,21,0.0000,1,2.0113
small1,4,2,21,21,0.0000,1,2.0023
small1,5,2,21,21,0.0000,1,2.0070
small1,6,2,21,21,0.0000,1,2.0032
small1,7,2,21,21,0.0000,1,2.0020
small1,8,2,21,21,0.0000,1,2.0031
small1,9,2,21,21,0.0000,1,2.0034
small1,10,2,21,21,0.0000,1,2.0058
small1,11,2,21,21,0.0000,1,2.0012
small1,12,2,21,21,0.0000,1,2.0041
small1,13,2,21,21,0.0000,1,2.0152
small1,14,2,21,21,0.0000,1,2.0003
small1,15,2,21,21,0.0000,1,2.0021
small1,16,2,21,21,0.0000,1,2.0098
small1,17,2,21,21,0.0000,1,2.0039
small1,18,2,21,21,0.0000,1,2.0010
small1,19,2,21,21,0.0000,1,2.0084
small1,20,2,21,21,0.0000,1,2.0097
small1,21,2,21,21,0.0000,1,2.0136
small1,22,2,21,21,0.0000,1,2.0031
small1,23,2,21,21,0.0000,1,2.0021
small1,24,2,21,21,0.0000,1,2.0032
small1,25,2,21,21,0.0000,1,2.0042
small1,26,2,21,21,0.0000,1,2.0229
small1,27,2,21,21,0.0000,1,2.0068
small1,28,2,21,21,0.0000,1,2.0067
small1,29,2,21,21,0.0000,1,2.0239
small1,30,2,21,21,0.0000,1,2.0039
small1,31,2,21,21,0.0000,1,2.0001
small1,32,2,21,21,0.0000,1,2.0075
small1,33,2,21,21,0.0000,1,2.0044
small1,34,2,21,21,0.0000,1,2.0043
small1,35,2,21,21,0.0000,1,2.0090
small1,36,2,21,21,0.0000,1,2.0036
small1,37,2,21,21,0.0000,1,2.0028
small1,38,2,21,21,0.0000,1,2.0012
small1,39,2,21,21,0.0000,1,2.0066
small1,40,2,21,21,0.0000,1,2.0178
small1,41,2,21,21,0.0000,1,2.0025
small1,42,2,21,21,0.0000,1,2.0049
small1,43,2,21,21,0.0000,1,2.0053
small1,44,2,21,21,0.0000,1,2.0030
small1,45,2,21,21,0.0000,1,2.0028
small1,46,2,21,21,0.0000,1,2.0117
small1,47,2,21,21,0.0000,1,2.0056
small1,48,2,21,21,0.0000,1,2.0048
small1,49,2,21,21,0.0000,1,2.0032
small1,50,2,21,21,0.0000,1,2.0029
small10,1,2,21,21,0.0000,1,2.0025
small10,2,2,21,21,0.0000,1,2.0006
small10,3,2,21,21,0.0000,1,2.0060
small10,4,2,21,21,0.0000,1,2.0035
small10,5,2,21,21,0.0000,1,2.0034
small10,6,2,21,21,0.0000,1,2.0038
small10,7,2,21,21,0.0000,1,2.0023
small10,8,2,21,21,0.0000,1,2.0103
small10,9,2,21,21,0.0000,1,2.0008
small10,10,2,21,21,0.0000,1,2.0026
small10,11,2,21,21,0.0000,1,2.0050
small10,12,2,21,21,0.0000,1,2.0051
small10,13,2,21,21,0.0000,1,2.0007
small10,14,2,21,21,0.0000,1,2.0122
small10,15,2,21,21,0.0000,1,2.0056
small10,16,2,21,21,0.0000,1,2.0023
small10,17,2,21,21,0.0000,1,2.0032
small10,18,2,21,21,0.0000,1,2.0011
small10,19,2,21,21,0.0000,1,2.0010
small10,20,2,21,21,0.0000,1,2.0020
small10,21,2,21,21,0.0000,1,2.0079
small10,22,2,21,21,0.0000,1,2.0040
small10,23,2,21,21,0.0000,1,2.0015
small10,24,2,21,21,0.0000,1,2.0064
small10,25,2,21,21,0.0000,1,2.0031
small10,26,2,21,21,0.0000,1,2.0046
small10,27,2,21,21,0.0000,1,2.0040
small10,28,2,21,21,0.0000,1,2.0052
small10,29,2,21,21,0.0000,1,2.0106
small10,30,2,21,21,0.0000,1,2.0094
small10,31,2,21,21,0.0000,1,2.0024
small10,32,2,21,21,0.0000,1,2.0003
small10,33,2,21,21,0.0000,1,2.0001
small10,34,2,21,21,0.0000,1,2.0041
small10,35,2,21,21,0.0000,1,2.0011
small10,36,2,21,21,0.0000,1,2.0053
small10,37,2,21,21,0.0000,1,2.0028
small10,38,2,21,21,0.0000,1,2.0005
small10,39,2,21,21,0.0000,1,2.0008
small10,40,2,21,21,0.0000,1,2.0067
small10,41,2,21,21,0.0000,1,2.0049
small10,42,2,21,21,0.0000,1,2.0036
small10,43,2,21,21,0.0000,1,2.0023
small10,44,2,21,21,0.0000,1,2.0061
small10,45,2,21,21,0.0000,1,2.0006
small10,46,2,21,21,0.0000,1,2.0030
small10,47,2,21,21,0.0000,1,2.0085
small10,48,2,21,21,0.0000,1,2.0098
small10,49,2,21,21,0.0000,1,2.0046
small10,50,2,21,21,0.0000,1,2.0007
small11,1,2,21,21,0.0000,1,2.0254
small11,2,2,21,21,0.0000,1,2.0147
small11,3,2,21,21,0.0000,1,2.0387
small11,4,2,21,21,0.0000,1,2.0288
small11,5,2,21,21,0.0000,1,2.0969
small11,6,2,21,21,0.0000,1,2.0306
small11,7,2,21,21,0.0000,1,2.0104
small11,8,2,21,21,0.0000,1,2.0604
small11,9,2,21,21,0.0000,1,2.1405
small11,10,2,21,21,0.0000,1,2.0051
small11,11,2,21,21,0.0000,1,2.0047
small11,12,2,21,21,0.0000,1,2.0177
small11,13,2,21,21,0.0000,1,2.0109
small11,14,2,21,21,0.0000,1,2.0075
small11,15,2,21,21,0.0000,1,2.0049
small11,16,2,21,21,0.0000,1,2.0048
small11,17,2,21,21,0.0000,1,2.0004
small11,18,2,21,21,0.0000,1,2.0042
small11,19,2,21,21,0.0000,1,2.0077
small11,20,2,21,21,0.0000,1,2.0026
small11,21,2,21,21,0.0000,1,2.0042
small11,22,2,21,21,0.0000,1,2.0058
small11,23,2,21,21,0.0000,1,2.0024
small11,24,2,21,21,0.0000,1,2.0034
small11,25,2,21,21,0.0000,1,2.0100
small11,26,2,21,21,0.0000,1,2.0020
small11,27,2,21,21,0.0000,1,2.0029
small11,28,2,21,21,0.0000,1,2.0087
small11,29,2,21,21,0.0000,1,2.0071
small11,30,2,21,21,0.0000,1,2.0022
small11,31,2,21,21,0.0000,1,2.0002
small11,32,2,21,21,0.0000,1,2.0050
small11,33,2,21,21,0.0000,1,2.0049
small11,34,2,21,21,0.0000,1,2.0012
small11,35,2,21,21,0.0000,1,2.0096
small11,36,2,21,21,0.0000,1,2.0156
small11,37,2,21,21,0.0000,1,2.0017
small11,38,2,21,21,0.0000,1,2.0033
small11,39,2,21,21,0.0000,1,2.0025
small11,40,2,21,21,0.0000,1,2.0005
small11,41,2,21,21,0.0000,1,2.0044
small11,42,2,21,21,0.0000,1,2.0044
small11,43,2,21,21,0.0000,1,2.0058
small11,44,2,21,21,0.0000,1,2.0057
small11,45,2,21,21,0.0000,1,2.0051
small11,46,2,21,21,0.0000,1,2.0120
small11,47,2,21,21,0.0000,1,2.0035
small11,48,2,21,21,0.0000,1,2.0059
small11,49,2,21,21,0.0000,1,2.0076
small11,50,2,21,21,0.0000,1,2.0065
small12,1,2,20,20,0.0000,1,2.0022
small12,2,2,20,20,0.0000,1,2.0039
small12,3,2,20,20,0.0000,1,2.0076
small12,4,2,20,20,0.0000,1,2.0022
small12,5,2,20,20,0.0000,1,2.0064
small12,6,2,20,20,0.0000,1,2.0020
small12,7,2,20,20,0.0000,1,2.0086
small12,8,2,20,20,0.0000,1,2.0102
small12,9,2,20,20,0.0000,1,2.0037
small12,10,2,20,20,0.0000,1,2.0002
small12,11,2,20,20,0.0000,1,2.0001
small12,12,2,20,20,0.0000,1,2.0004
small12,13,2,20,20,0.0000,1,2.0110
small12,14,2,20,20,0.0000,1,2.0133
small12,15,2,20,20,0.0000,1,2.0080
small12,16,2,20,20,0.0000,1,2.0068
small12,17,2,20,20,0.0000,1,2.0038
small12,18,2,20,20,0.0000,1,2.0027
small12,19,2,20,20,0.0000,1,2.0030
small12,20,2,20,20,0.0000,1,2.0059
small12,21,2,20,20,0.0000,1,2.0043
small12,22,2,20,20,0.0000,1,2.0032
small12,23,2,20,20,0.0000,1,2.0002
small12,24,2,20,20,0.0000,1,2.0011
small12,25,2,20,20,0.0000,1,2.0026
small12,26,2,20,20,0.0000,1,2.0054
small12,27,2,20,20,0.0000,1,2.0010
small12,28,2,20,20,0.0000,1,2.0058
small12,29,2,20,20,0.0000,1,2.0049
small12,30,2,20,20,0.0000,1,2.0048
small12,31,2,20,20,0.0000,1,2.0084
small12,32,2,20,20,0.0000,1,2.0044
small12,33,2,20,20,0.0000,1,2.0128
small12,34,2,20,20,0.0000,1,2.0080
small12,35,2,20,20,0.0000,1,2.0063
small12,36,2,20,20,0.0000,1,2.0133
small12,37,2,20,20,0.0000,1,2.0061
small12,38,2,20,20,0.0000,1,2.0047
small12,39,2,20,20,0.0000,1,2.0067
small12,40,2,20,20,0.0000,1,2.0002
small12,41,2,20,20,0.0000,1,2.0081
small12,42,2,20,20,0.0000,1,2.0023
small12,43,2,20,20,0.0000,1,2.0068
small12,44,2,20,20,0.0000,1,2.0086
small12,45,2,20,20,0.0000,1,2.0061
small12,46,2,20,20,0.0000,1,2.0021
small12,47,2,20,20,0.0000,1,2.0060
small12,48,2,20,20,0.0000,1,2.0001
small12,49,2,20,20,0.0000,1,2.0058
small12,50,2,20,20,0.0000,1,2.0283
small13,1,2,21,21,0.0000,1,2.0006
small13,2,2,21,21,0.0000,1,2.0022
small13,3,2,21,21,0.0000,1,2.0022
small13,4,2,21,21,0.0000,1,2.0018
small13,5,2,21,21,0.0000,1,2.0019
small13,6,2,21,21,0.0000,1,2.0005
small13,7,2,21,21,0.0000,1,2.0025
small13,8,2,21,21,0.0000,1,2.0090
small13,9,2,21,21,0.0000,1,2.0039
small13,10,2,21,21,0.0000,1,2.0134
small13,11,2,21,21,0.0000,1,2.0007
small13,12,2,21,21,0.0000,1,2.0021
small13,13,2,21,21,0.0000,1,2.0003
small13,14,2,21,21,0.0000,1,2.0115
small13,15,2,21,21,0.0000,1,2.0123
small13,16,2,21,21,0.0000,1,2.0020
small13,17,2,21,21,0.0000,1,2.0060
small13,18,2,21,21,0.0000,1,2.0040
small13,19,2,21,21,0.0000,1,2.0014
small13,20,2,21,21,0.0000,1,2.0009
small13,21,2,21,21,0.0000,1,2.0101
small13,22,2,21,21,0.0000,1,2.0060
small13,23,2,21,21,0.0000,1,2.0017
small13,24,2,21,21,0.0000,1,2.0038
small13,25,2,21,21,0.0000,1,2.0013
small13,26,2,21,21,0.0000,1,2.0002
small13,27,2,21,21,0.0000,1,2.0008
small13,28,2,21,21,0.0000,1,2.0020
small13,29,2,21,21,0.0000,1,2.0015
small13,30,2,21,21,0.0000,1,2.0004
small13,31,2,21,21,0.0000,1,2.0017
small13,32,2,21,21,0.0000,1,2.0073
small13,33,2,21,21,0.0000,1,2.0064
small13,34,2,21,21,0.0000,1,2.0041
small13,35,2,21,21,0.0000,1,2.0001
small13,36,2,21,21,0.0000,1,2.0067
small13,37,2,21,21,0.0000,1,2.0044
small13,38,2,21,21,0.0000,1,2.0003
small13,39,2,21,21,0.0000,1,2.0020
small13,40,2,21,21,0.0000,1,2.0016
small13,41,2,21,21,0.0000,1,2.0053
small13,42,2,21,21,0.0000,1,2.0027
small13,43,2,21,21,0.0000,1,2.0008
small13,44,2,21,21,0.0000,1,2.0022
small13,45,2,21,21,0.0000,1,2.0021
small13,46,2,21,21,0.0000,1,2.0094
small13,47,2,21,21,0.0000,1,2.0037
small13,48,2,21,21,0.0000,1,2.0010
small13,49,2,21,21,0.0000,1,2.0024
small13,50,2,21,21,0.0000,1,2.0069
small14,1,2,21,21,0.0000,1,2.0043
small14,2,2,21,21,0.0000,1,2.0023
small14,3,2,21,21,0.0000,1,2.0066
small14,4,2,21,21,0.0000,1,2.0063
small14,5,2,21,21,0.0000,1,2.0064
small14,6,2,21,21,0.0000,1,2.0023
small14,7,2,21,21,0.0000,1,2.0101
small14,8,2,21,21,0.0000,1,2.0045
small14,9,2,21,21,0.0000,1,2.0099
small14,10,2,21,21,0.0000,1,2.0028
small14,11,2,21,21,0.0000,1,2.0047
small14,12,2,21,21,0.0000,1,2.0079
small14,13,2,21,21,0.0000,1,2.0000
small14,14,2,21,21,0.0000,1,2.0029
small14,15,2,21,21,0.0000,1,2.0087
small14,16,2,21,21,0.0000,1,2.0048
small14,17,2,21,21,0.0000,1,2.0044
small14,18,2,21,21,0.0000,1,2.0104
small14,19,2,21,21,0.0000,1,2.0004
small14,20,2,21,21,0.0000,1,2.0064
small14,21,2,21,21,0.0000,1,2.0057
small14,22,2,21,21,0.0000,1,2.0011
small14,23,2,21,21,0.0000,1,2.0015
small14,24,2,21,21,0.0000,1,2.0071
small14,25,2,21,21,0.0000,1,2.0050
small14,26,2,21,21,0.0000,1,2.0124
small14,27,2,21,21,0.0000,1,2.0012
small14,28,2,21,21,0.0000,1,2.0021
small14,29,2,21,21,0.0000,1,2.0015
small14,30,2,21,21,0.0000,1,2.0013
small14,31,2,21,21,0.0000,1,2.0125
small14,32,2,21,21,0.0000,1,2.0039
small14,33,2,21,21,0.0000,1,2.0010
small14,34,2,21,21,0.0000,1,2.0077
small14,35,2,21,21,0.0000,1,2.0032
small14,36,2,21,21,0.0000,1,2.0033
small14,37,2,21,21,0.0000,1,2.0001
small14,38,2,21,21,0.0000,1,2.0070
small14,39,2,21,21,0.0000,1,2.0033
small14,40,2,21,21,0.0000,1,2.0023
small14,41,2,21,21,0.0000,1,2.0016
small14,42,2,21,21,0.0000,1,2.0045
small14,43,2,21,21,0.0000,1,2.0042
small14,44,2,21,21,0.0000,1,2.0060
small14,45,2,21,21,0.0000,1,2.0058
small14,46,2,21,21,0.0000,1,2.0015
small14,47,2,21,21,0.0000,1,2.0062
small14,48,2,21,21,0.0000,1,2.0003
small14,49,2,21,21,0.0000,1,2.0013
small14,50,2,21,21,0.0000,1,2.0013
small15,1,2,21,21,0.0000,1,2.0012
small15,2,2,21,21,0.0000,1,2.0096
small15,3,2,21,21,0.0000,1,2.0017
small15,4,2,21,21,0.0000,1,2.0063
small15,5,2,21,21,0.0000,1,2.0072
small15,6,2,21,21,0.0000,1,2.0080
small15,7,2,21,21,0.0000,1,2.0032
small15,8,2,21,21,0.0000,1,2.0058
small15,9,2,21,21,0.0000,1,2.0003
small15,10,2,21,21,0.0000,1,2.0109
small15,11,2,21,21,0.0000,1,2.0013
small15,12,2,21,21,0.0000,1,2.0032
small15,13,2,21,21,0.0000,1,2.0017
small15,14,2,21,21,0.0000,1,2.0017
small15,15,2,21,21,0.0000,1,2.0019
small15,16,2,21,21,0.0000,1,2.0031
small15,17,2,21,21,0.0000,1,2.0076
small15,18,2,21,21,0.0000,1,2.0002
small15,19,2,21,21,0.0000,1,2.0095
small15,20,2,21,21,0.0000,1,2.0022
small15,21,2,21,21,0.0000,1,2.0011
small15,22,2,21,21,0.0000,1,2.0108
small15,23,2,21,21,0.0000,1,2.0018
small15,24,2,21,21,0.0000,1,2.0032
small15,25,2,21,21,0.0000,1,2.0030
small15,26,2,21,21,0.0000,1,2.0105
small15,27,2,21,21,0.0000,1,2.0027
small15,28,2,21,21,0.0000,1,2.0042
small15,29,2,21,21,0.0000,1,2.0036
small15,30,2,21,21,0.0000,1,2.0012
small15,31,2,21,21,0.0000,1,2.0005
small15,32,2,21,21,0.0000,1,2.0015
small15,33,2,21,21,0.0000,1,2.0055
small15,34,2,21,21,0.0000,1,2.0028
small15,35,2,21,21,0.0000,1,2.0042
small15,36,2,21,21,0.0000,1,2.0062
small15,37,2,21,21,0.0000,1,2.0001
small15,38,2,21,21,0.0000,1,2.0046
small15,39,2,21,21,0.0000,1,2.0034
small15,40,2,21,21,0.0000,1,2.0008
small15,41,2,21,21,0.0000,1,2.0019
small15,42,2,21,21,0.0000,1,2.0047
small15,43,2,21,21,0.0000,1,2.0087
small15,44,2,21,21,0.0000,1,2.0007
small15,45,2,21,21,0.0000,1,2.0033
small15,46,2,21,21,0.0000,1,2.0027
small15,47,2,21,21,0.0000,1,2.0054
small15,48,2,21,21,0.0000,1,2.0010
small15,49,2,21,21,0.0000,1,2.0019
small15,50,2,21,21,0.0000,1,2.0004
small16,1,2,20,20,0.0000,1,2.0021
small16,2,2,20,20,0.0000,1,2.0024
small16,3,2,20,20,0.0000,1,2.0031
small16,4,2,20,20,0.0000,1,2.0036
small16,5,2,20,20,0.0000,1,2.0005
small16,6,2,20,20,0.0000,1,2.0025
small16,7,2,20,20,0.0000,1,2.0036
small16,8,2,20,20,0.0000,1,2.0050
small16,9,2,20,20,0.0000,1,2.0084
small16,10,2,20,20,0.0000,1,2.0010
small16,11,2,20,20,0.0000,1,2.0006
small16,12,2,20,20,0.0000,1,2.0025
small16,13,2,20,20,0.0000,1,2.0013
small16,14,2,20,20,0.0000,1,2.0005
small16,15,2,20,20,0.0000,1,2.0006
small16,16,2,20,20,0.0000,1,2.0061
small16,17,2,20,20,0.0000,1,2.0034
small16,18,2,20,20,0.0000,1,2.0031
small16,19,2,20,20,0.0000,1,2.0015
small16,20,2,20,20,0.0000,1,2.0036
small16,21,2,20,20,0.0000,1,2.0405
small16,22,2,20,20,0.0000,1,2.0026
small16,23,2,20,20,0.0000,1,2.0070
small16,24,2,20,20,0.0000,1,2.0369
small16,25,2,20,20,0.0000,1,2.0318
small16,26,2,20,20,0.0000,1,2.0040
small16,27,2,20,20,0.0000,1,2.0047
small16,28,2,20,20,0.0000,1,2.0562
small16,29,2,20,20,0.0000,1,2.0071
small16,30,2,20,20,0.0000,1,2.0075
small16,31,2,20,20,0.0000,1,2.0154
small16,32,2,20,20,0.0000,1,2.0009
small16,33,2,20,20,0.0000,1,2.0065
small16,34,2,20,20,0.0000,1,2.0136
small16,35,2,20,20,0.0000,1,2.0115
small16,36,2,20,20,0.0000,1,2.0031
small16,37,2,20,20,0.0000,1,2.0001
small16,38,2,20,20,0.0000,1,2.0041
small16,39,2,20,20,0.0000,1,2.0026
small16,40,2,20,20,0.0000,1,2.0031
small16,41,2,20,20,0.0000,1,2.0008
small16,42,2,20,20,0.0000,1,2.0021
small16,43,2,20,20,0.0000,1,2.0037
small16,44,2,20,20,0.0000,1,2.0019
small16,45,2,20,20,0.0000,1,2.0041
small16,46,2,20,20,0.0000,1,2.0047
small16,47,2,20,20,0.0000,1,2.0087
small16,48,2,20,20,0.0000,1,2.0070
small16,49,2,20,20,0.0000,1,2.0071
small16,50,2,20,20,0.0000,1,2.0031
small17,1,2,14,14,0.0000,1,2.0027
small17,2,2,14,14,0.0000,1,2.0033
small17,3,2,14,14,0.0000,1,2.0031
small17,4,2,14,14,0.0000,1,2.0421
small17,5,2,14,14,0.0000,1,2.0009
small17,6,2,14,14,0.0000,1,2.0052
small17,7,2,14,14,0.0000,1,2.0068
small17,8,2,14,14,0.0000,1,2.0006
small17,9,2,14,14,0.0000,1,2.0011
small17,10,2,14,14,0.0000,1,2.0012
small17,11,2,14,14,0.0000,1,2.0008
small17,12,2,14,14,0.0000,1,2.0033
small17,13,2,14,14,0.0000,1,2.0052
small17,14,2,14,14,0.0000,1,2.0010
small17,15,2,14,14,0.0000,1,2.0029
small17,16,2,14,14,0.0000,1,2.0001
small17,17,2,14,14,0.0000,1,2.0457
small17,18,2,14,14,0.0000,1,2.0004
small17,19,2,14,14,0.0000,1,2.0373
small17,20,2,14,14,0.0000,1,2.0039
small17,21,2,14,14,0.0000,1,2.0010
small17,22,2,14,14,0.0000,1,2.0020
small17,23,2,14,14,0.0000,1,2.0013
small17,24,2,14,14,0.0000,1,2.0030
small17,25,2,14,14,0.0000,1,2.0015
small17,26,2,14,14,0.0000,1,2.0023
small17,27,2,14,14,0.0000,1,2.0037
small17,28,2,14,14,0.0000,1,2.0032
small17,29,2,14,14,0.0000,1,2.0044
small17,30,2,14,14,0.0000,1,2.0035
small17,31,2,14,14,0.0000,1,2.0017
small17,32,2,14,14,0.0000,1,2.0001
small17,33,2,14,14,0.0000,1,2.0019
small17,34,2,14,14,0.0000,1,2.0020
small17,35,2,14,14,0.0000,1,2.0008
small17,36,2,14,14,0.0000,1,2.0016
small17,37,2,14,14,0.0000,1,2.0017
small17,38,2,14,14,0.0000,1,2.0004
small17,39,2,14,14,0.0000,1,2.0069
small17,40,2,14,14,0.0000,1,2.0036
small17,41,2,14,14,0.0000,1,2.0043
small17,42,2,14,14,0.0000,1,2.0016
small17,43,2,14,14,0.0000,1,2.0070
small17,44,2,14,14,0.0000,1,2.0007
small17,45,2,14,14,0.0000,1,2.0032
small17,46,2,14,14,0.0000,1,2.0035
small17,47,2,14,14,0.0000,1,2.0063
small17,48,2,14,14,0.0000,1,2.0012
small17,49,2,14,14,0.0000,1,2.0120
small17,50,2,14,14,0.0000,1,2.0058
small18,1,2,158,158,0.0000,1,2.0155
small18,2,2,158,158,0.0000,1,2.0021
small18,3,2,158,158,0.0000,1,2.0085
small18,4,2,158,158,0.0000,1,2.0047
small18,5,2,158,158,0.0000,1,2.0013
small18,6,2,158,158,0.0000,1,2.0082
small18,7,2,158,158,0.0000,1,2.0087
small18,8,2,158,158,0.0000,1,2.0078
small18,9,2,158,158,0.0000,1,2.0043
small18,10,2,158,158,0.0000,1,2.0098
small18,11,2,158,158,0.0000,1,2.0024
small18,12,2,158,158,0.0000,1,2.0069
small18,13,2,158,158,0.0000,1,2.0177
small18,14,2,158,158,0.0000,1,2.0014
small18,15,2,158,158,0.0000,1,2.0049
small18,16,2,158,158,0.0000,1,2.0138
small18,17,2,158,158,0.0000,1,2.0016
small18,18,2,158,158,0.0000,1,2.0037
small18,19,2,158,158,0.0000,1,2.0111
small18,20,2,158,158,0.0000,1,2.0075
small18,21,2,158,158,0.0000,1,2.0026
small18,22,2,158,158,0.0000,1,2.0212
small18,23,2,158,158,0.0000,1,2.0089
small18,24,2,158,158,0.0000,1,2.0013
small18,25,2,158,158,0.0000,1,2.0086
small18,26,2,158,158,0.0000,1,2.0022
small18,27,2,158,158,0.0000,1,2.0096
small18,28,2,158,158,0.0000,1,2.0206
small18,29,2,158,158,0.0000,1,2.0036
small18,30,2,158,158,0.0000,1,2.0139
small18,31,2,158,158,0.0000,1,2.0118
small18,32,2,158,158,0.0000,1,2.0062
small18,33,2,158,158,0.0000,1,2.0074
small18,34,2,158,158,0.0000,1,2.0055
small18,35,2,158,158,0.0000,1,2.0178
small18,36,2,158,158,0.0000,1,2.0085
small18,37,2,158,158,0.0000,1,2.0013
small18,38,2,158,158,0.0000,1,2.0033
small18,39,2,158,158,0.0000,1,2.0091
small18,40,2,158,158,0.0000,1,2.0042
small18,41,2,158,158,0.0000,1,2.0017
small18,42,2,158,158,0.0000,1,2.0061
small18,43,2,158,158,0.0000,1,2.0048
small18,44,2,158,158,0.0000,1,2.0065
small18,45,2,158,158,0.0000,1,2.0180
small18,46,2,158,158,0.0000,1,2.0076
small18,47,2,158,158,0.0000,1,2.0028
small18,48,2,158,158,0.0000,1,2.0168
small18,49,2,158,158,0.0000,1,2.0046
small18,50,2,158,158,0.0000,1,2.0059
small2,1,2,20,20,0.0000,1,2.0099
small2,2,2,20,20,0.0000,1,2.0055
small2,3,2,20,20,0.0000,1,2.0029
small2,4,2,20,20,0.0000,1,2.0051
small2,5,2,20,20,0.0000,1,2.0063
small2,6,2,20,20,0.0000,1,2.0052
small2,7,2,20,20,0.0000,1,2.0105
small2,8,2,20,20,0.0000,1,2.0055
small2,9,2,20,20,0.0000,1,2.0013
small2,10,2,20,20,0.0000,1,2.0027
small2,11,2,20,20,0.0000,1,2.0062
small2,12,2,20,20,0.0000,1,2.0030
small2,13,2,20,20,0.0000,1,2.0074
small2,14,2,20,20,0.0000,1,2.0073
small2,15,2,20,20,0.0000,1,2.0039
small2,16,2,20,20,0.0000,1,2.0061
small2,17,2,20,20,0.0000,1,2.0062
small2,18,2,20,20,0.0000,1,2.0081
small2,19,2,20,20,0.0000,1,2.0018
small2,20,2,20,20,0.0000,1,2.0002
small2,21,2,20,20,0.0000,1,2.0047
small2,22,2,20,20,0.0000,1,2.0083
small2,23,2,20,20,0.0000,1,2.0021
small2,24,2,20,20,0.0000,1,2.0141
small2,25,2,20,20,0.0000,1,2.0048
small2,26,2,20,20,0.0000,1,2.0006
small2,27,2,20,20,0.0000,1,2.0035
small2,28,2,20,20,0.0000,1,2.0015
small2,29,2,20,20,0.0000,1,2.0035
small2,30,2,20,20,0.0000,1,2.0029
small2,31,2,20,20,0.0000,1,2.0041
small2,32,2,20,20,0.0000,1,2.0035
small2,33,2,20,20,0.0000,1,2.0017
small2,34,2,20,20,0.0000,1,2.0012
small2,35,2,20,20,0.0000,1,2.0035
small2,36,2,20,20,0.0000,1,2.0069
small2,37,2,20,20,0.0000,1,2.0062
small2,38,2,20,20,0.0000,1,2.0050
small2,39,2,20,20,0.0000,1,2.0015
small2,40,2,20,20,0.0000,1,2.0082
small2,41,2,20,20,0.0000,1,2.0062
small2,42,2,20,20,0.0000,1,2.0068
small2,43,2,20,20,0.0000,1,2.0051
small2,44,2,20,20,0.0000,1,2.0087
small2,45,2,20,20,0.0000,1,2.0060
small2,46,2,20,20,0.0000,1,2.0067
small2,47,2,20,20,0.0000,1,2.0102
small2,48,2,20,20,0.0000,1,2.0066
small2,49,2,20,20,0.0000,1,2.0028
small2,50,2,20,20,0.0000,1,2.0048
small3,1,2,20,20,0.0000,1,2.0065
small3,2,2,20,20,0.0000,1,2.0039
small3,3,2,20,20,0.0000,1,2.0053
small3,4,2,20,20,0.0000,1,2.0057
small3,5,2,20,20,0.0000,1,2.0053
small3,6,2,20,20,0.0000,1,2.0009
small3,7,2,20,20,0.0000,1,2.0014
small3,8,2,20,20,0.0000,1,2.0095
small3,9,2,20,20,0.0000,1,2.0110
small3,10,2,20,20,0.0000,1,2.0031
small3,11,2,20,20,0.0000,1,2.0023
small3,12,2,20,20,0.0000,1,2.0073
small3,13,2,20,20,0.0000,1,2.0026
small3,14,2,20,20,0.0000,1,2.0006
small3,15,2,20,20,0.0000,1,2.0036
small3,16,2,20,20,0.0000,1,2.0072
small3,17,2,20,20,0.0000,1,2.0012
small3,18,2,20,20,0.0000,1,2.0051
small3,19,2,20,20,0.0000,1,2.0057
small3,20,2,20,20,0.0000,1,2.0132
small3,21,2,20,20,0.0000,1,2.0042
small3,22,2,20,20,0.0000,1,2.0087
small3,23,2,20,20,0.0000,1,2.0164
small3,24,2,20,20,0.0000,1,2.0081
small3,25,2,20,20,0.0000,1,2.0195
small3,26,2,20,20,0.0000,1,2.0079
small3,27,2,20,20,0.0000,1,2.0080
small3,28,2,20,20,0.0000,1,2.0926
small3,29,2,20,20,0.0000,1,2.0094
small3,30,2,20,20,0.0000,1,2.0033
small3,31,2,20,20,0.0000,1,2.0063
small3,32,2,20,20,0.0000,1,2.0059
small3,33,2,20,20,0.0000,1,2.0068
small3,34,2,20,20,0.0000,1,2.0128
small3,35,2,20,20,0.0000,1,2.0101
small3,36,2,20,20,0.0000,1,2.0065
small3,37,2,20,20,0.0000,1,2.0024
small3,38,2,20,20,0.0000,1,2.0104
small3,39,2,20,20,0.0000,1,2.0028
small3,40,2,20,20,0.0000,1,2.0140
small3,41,2,20,20,0.0000,1,2.0136
small3,42,2,20,20,0.0000,1,2.0073
small3,43,2,20,20,0.0000,1,2.0125
small3,44,2,20,20,0.0000,1,2.0001
small3,45,2,20,20,0.0000,1,2.0027
small3,46,2,20,20,0.0000,1,2.0020
small3,47,2,20,20,0.0000,1,2.0006
small3,48,2,20,20,0.0000,1,2.0021
small3,49,2,20,20,0.0000,1,2.0096
small3,50,2,20,20,0.0000,1,2.0035
small4,1,2,20,20,0.0000,1,2.0230
small4,2,2,20,20,0.0000,1,2.0003
small4,3,2,20,20,0.0000,1,2.0050
small4,4,2,20,20,0.0000,1,2.0074
small4,5,2,20,20,0.0000,1,2.0020
small4,6,2,20,20,0.0000,1,2.0015
small4,7,2,20,20,0.0000,1,2.0059
small4,8,2,20,20,0.0000,1,2.0177
small4,9,2,20,20,0.0000,1,2.0082
small4,10,2,20,20,0.0000,1,2.0036
small4,11,2,20,20,0.0000,1,2.0028
small4,12,2,20,20,0.0000,1,2.0016
small4,13,2,20,20,0.0000,1,2.0188
small4,14,2,20,20,0.0000,1,2.0015
small4,15,2,20,20,0.0000,1,2.0005
small4,16,2,20,20,0.0000,1,2.0028
small4,17,2,20,20,0.0000,1,2.0087
small4,18,2,20,20,0.0000,1,2.0044
small4,19,2,20,20,0.0000,1,2.0012
small4,20,2,20,20,0.0000,1,2.0098
small4,21,2,20,20,0.0000,1,2.0001
small4,22,2,20,20,0.0000,1,2.0024
small4,23,2,20,20,0.0000,1,2.0022
small4,24,2,20,20,0.0000,1,2.0098
small4,25,2,20,20,0.0000,1,2.0079
small4,26,2,20,20,0.0000,1,2.0082
small4,27,2,20,20,0.0000,1,2.0027
small4,28,2,20,20,0.0000,1,2.0001
small4,29,2,20,20,0.0000,1,2.0022
small4,30,2,20,20,0.0000,1,2.0073
small4,31,2,20,20,0.0000,1,2.0122
small4,32,2,20,20,0.0000,1,2.0107
small4,33,2,20,20,0.0000,1,2.0004
small4,34,2,20,20,0.0000,1,2.0118
small4,35,2,20,20,0.0000,1,2.0005
small4,36,2,20,20,0.0000,1,2.0023
small4,37,2,20,20,0.0000,1,2.0060
small4,38,2,20,20,0.0000,1,2.0069
small4,39,2,20,20,0.0000,1,2.0074
small4,40,2,20,20,0.0000,1,2.0007
small4,41,2,20,20,0.0000,1,2.0119
small4,42,2,20,20,0.0000,1,2.0115
small4,43,2,20,20,0.0000,1,2.0157
small4,44,2,20,20,0.0000,1,2.0041
small4,45,2,20,20,0.0000,1,2.0087
small4,46,2,20,20,0.0000,1,2.0045
small4,47,2,20,20,0.0000,1,2.0080
small4,48,2,20,20,0.0000,1,2.0002
small4,49,2,20,20,0.0000,1,2.0080
small4,50,2,20,20,0.0000,1,2.0008
small5,1,2,21,21,0.0000,1,2.0184
small5,2,2,21,21,0.0000,1,2.0517
small5,3,2,21,21,0.0000,1,2.0064
small5,4,2,21,21,0.0000,1,2.0005
small5,5,2,21,21,0.0000,1,2.0059
small5,6,2,21,21,0.0000,1,2.0391
small5,7,2,21,21,0.0000,1,2.0217
small5,8,2,21,21,0.0000,1,2.0016
small5,9,2,21,21,0.0000,1,2.0067
small5,10,2,21,21,0.0000,1,2.2957
small5,11,2,21,21,0.0000,1,2.0131
small5,12,2,21,21,0.0000,1,2.0074
small5,13,2,21,21,0.0000,1,2.0258
small5,14,2,21,21,0.0000,1,2.0235
small5,15,2,21,21,0.0000,1,2.0063
small5,16,2,21,21,0.0000,1,2.0030
small5,17,2,21,21,0.0000,1,2.0109
small5,18,2,21,21,0.0000,1,2.0159
small5,19,2,21,21,0.0000,1,2.0126
small5,20,2,21,21,0.0000,1,2.0688
small5,21,2,21,21,0.0000,1,2.0046
small5,22,2,21,21,0.0000,1,2.0589
small5,23,2,21,21,0.0000,1,2.0040
small5,24,2,21,21,0.0000,1,2.0044
small5,25,2,21,21,0.0000,1,2.0039
small5,26,2,21,21,0.0000,1,2.0015
small5,27,2,21,21,0.0000,1,2.0478
small5,28,2,21,21,0.0000,1,2.0010
small5,29,2,21,21,0.0000,1,2.0486
small5,30,2,21,21,0.0000,1,2.0168
small5,31,2,21,21,0.0000,1,2.0256
small5,32,2,21,21,0.0000,1,2.0159
small5,33,2,21,21,0.0000,1,2.0059
small5,34,2,21,21,0.0000,1,2.0244
small5,35,2,21,21,0.0000,1,2.0147
small5,36,2,21,21,0.0000,1,2.0044
small5,37,2,21,21,0.0000,1,2.0042
small5,38,2,21,21,0.0000,1,2.0008
small5,39,2,21,21,0.0000,1,2.0008
small5,40,2,21,21,0.0000,1,2.0058
small5,41,2,21,21,0.0000,1,2.0008
small5,42,2,21,21,0.0000,1,2.0028
small5,43,2,21,21,0.0000,1,2.0107
small5,44,2,21,21,0.0000,1,2.0025
small5,45,2,21,21,0.0000,1,2.0056
small5,46,2,21,21,0.0000,1,2.0029
small5,47,2,21,21,0.0000,1,2.0033
small5,48,2,21,21,0.0000,1,2.0009
small5,49,2,21,21,0.0000,1,2.0039
small5,50,2,21,21,0.0000,1,2.0036
small6,1,2,20,20,0.0000,1,2.0078
small6,2,2,20,20,0.0000,1,2.0081
small6,3,2,20,20,0.0000,1,2.0047
small6,4,2,20,20,0.0000,1,2.0029
small6,5,2,20,20,0.0000,1,2.0102
small6,6,2,20,20,0.0000,1,2.0028
small6,7,2,20,20,0.0000,1,2.0104
small6,8,2,20,20,0.0000,1,2.0120
small6,9,2,20,20,0.0000,1,2.0063
small6,10,2,20,20,0.0000,1,2.0044
small6,11,2,20,20,0.0000,1,2.0003
small6,12,2,20,20,0.0000,1,2.0022
small6,13,2,20,20,0.0000,1,2.0012
small6,14,2,20,20,0.0000,1,2.0100
small6,15,2,20,20,0.0000,1,2.0032
small6,16,2,20,20,0.0000,1,2.0006
small6,17,2,20,20,0.0000,1,2.0028
small6,18,2,20,20,0.0000,1,2.0055
small6,19,2,20,20,0.0000,1,2.0019
small6,20,2,20,20,0.0000,1,2.0104
small6,21,2,20,20,0.0000,1,2.0033
small6,22,2,20,20,0.0000,1,2.0011
small6,23,2,20,20,0.0000,1,2.0113
small6,24,2,20,20,0.0000,1,2.0053
small6,25,2,20,20,0.0000,1,2.0032
small6,26,2,20,20,0.0000,1,2.0017
small6,27,2,20,20,0.0000,1,2.0065
small6,28,2,20,20,0.0000,1,2.0015
small6,29,2,20,20,0.0000,1,2.0272
small6,30,2,20,20,0.0000,1,2.0032
small6,31,2,20,20,0.0000,1,2.0047
small6,32,2,20,20,0.0000,1,2.0118
small6,33,2,20,20,0.0000,1,2.0004
small6,34,2,20,20,0.0000,1,2.0032
small6,35,2,20,20,0.0000,1,2.0007
small6,36,2,20,20,0.0000,1,2.0075
small6,37,2,20,20,0.0000,1,2.0006
small6,38,2,20,20,0.0000,1,2.0012
small6,39,2,20,20,0.0000,1,2.0052
small6,40,2,20,20,0.0000,1,2.0040
small6,41,2,20,20,0.0000,1,2.0031
small6,42,2,20,20,0.0000,1,2.0008
small6,43,2,20,20,0.0000,1,2.0037
small6,44,2,20,20,0.0000,1,2.0020
small6,45,2,20,20,0.0000,1,2.0013
small6,46,2,20,20,0.0000,1,2.0095
small6,47,2,20,20,0.0000,1,2.0052
small6,48,2,20,20,0.0000,1,2.0098
small6,49,2,20,20,0.0000,1,2.0052
small6,50,2,20,20,0.0000,1,2.0030
small7,1,2,20,20,0.0000,1,2.0016
small7,2,2,20,20,0.0000,1,2.0040
small7,3,2,20,20,0.0000,1,2.0131
small7,4,2,20,20,0.0000,1,2.0041
small7,5,2,20,20,0.0000,1,2.0008
small7,6,2,20,20,0.0000,1,2.0030
small7,7,2,20,20,0.0000,1,2.0070
small7,8,2,20,20,0.0000,1,2.0039
small7,9,2,20,20,0.0000,1,2.0019
small7,10,2,20,20,0.0000,1,2.0081
small7,11,2,20,20,0.0000,1,2.0038
small7,12,2,20,20,0.0000,1,2.0098
small7,13,2,20,20,0.0000,1,2.0095
small7,14,2,20,20,0.0000,1,2.0054
small7,15,2,20,20,0.0000,1,2.0019
small7,16,2,20,20,0.0000,1,2.0085
small7,17,2,20,20,0.0000,1,2.0020
small7,18,2,20,20,0.0000,1,2.0046
small7,19,2,20,20,0.0000,1,2.0013
small7,20,2,20,20,0.0000,1,2.0033
small7,21,2,20,20,0.0000,1,2.0004
small7,22,2,20,20,0.0000,1,2.0038
small7,23,2,20,20,0.0000,1,2.0081
small7,24,2,20,20,0.0000,1,2.0013
small7,25,2,20,20,0.0000,1,2.0077
small7,26,2,20,20,0.0000,1,2.0015
small7,27,2,20,20,0.0000,1,2.0136
small7,28,2,20,20,0.0000,1,2.0102
small7,29,2,20,20,0.0000,1,2.0015
small7,30,2,20,20,0.0000,1,2.0052
small7,31,2,20,20,0.0000,1,2.0077
small7,32,2,20,20,0.0000,1,2.0078
small7,33,2,20,20,0.0000,1,2.0070
small7,34,2,20,20,0.0000,1,2.0033
small7,35,2,20,20,0.0000,1,2.0018
small7,36,2,20,20,0.0000,1,2.0106
small7,37,2,20,20,0.0000,1,2.0052
small7,38,2,20,20,0.0000,1,2.0049
small7,39,2,20,20,0.0000,1,2.0039
small7,40,2,20,20,0.0000,1,2.0044
small7,41,2,20,20,0.0000,1,2.0014
small7,42,2,20,20,0.0000,1,2.0154
small7,43,2,20,20,0.0000,1,2.0108
small7,44,2,20,20,0.0000,1,2.0050
small7,45,2,20,20,0.0000,1,2.0100
small7,46,2,20,20,0.0000,1,2.0038
small7,47,2,20,20,0.0000,1,2.0023
small7,48,2,20,20,0.0000,1,2.0085
small7,49,2,20,20,0.0000,1,2.0052
small7,50,2,20,20,0.0000,1,2.0025
small8,1,2,19,19,0.0000,1,2.0017
small8,2,2,19,19,0.0000,1,2.0023
small8,3,2,19,19,0.0000,1,2.0096
small8,4,2,19,19,0.0000,1,2.0054
small8,5,2,19,19,0.0000,1,2.0000
small8,6,2,19,19,0.0000,1,2.0008
small8,7,2,19,19,0.0000,1,2.0025
small8,8,2,19,19,0.0000,1,2.0013
small8,9,2,19,19,0.0000,1,2.0048
small8,10,2,19,19,0.0000,1,2.0032
small8,11,2,19,19,0.0000,1,2.0007
small8,12,2,19,19,0.0000,1,2.0059
small8,13,2,19,19,0.0000,1,2.0035
small8,14,2,19,19,0.0000,1,2.0033
small8,15,2,19,19,0.0000,1,2.0035
small8,16,2,19,19,0.0000,1,2.0023
small8,17,2,19,19,0.0000,1,2.0079
small8,18,2,19,19,0.0000,1,2.0000
small8,19,2,19,19,0.0000,1,2.0021
small8,20,2,19,19,0.0000,1,2.0025
small8,21,2,19,19,0.0000,1,2.0030
small8,22,2,19,19,0.0000,1,2.0017
small8,23,2,19,19,0.0000,1,2.0001
small8,24,2,19,19,0.0000,1,2.0008
small8,25,2,19,19,0.0000,1,2.0011
small8,26,2,19,19,0.0000,1,2.0022
small8,27,2,19,19,0.0000,1,2.0052
small8,28,2,19,19,0.0000,1,2.0034
small8,29,2,19,19,0.0000,1,2.0097
small8,30,2,19,19,0.0000,1,2.0011
small8,31,2,19,19,0.0000,1,2.0100
small8,32,2,19,19,0.0000,1,2.0015
small8,33,2,19,19,0.0000,1,2.0000
small8,34,2,19,19,0.0000,1,2.0043
small8,35,2,19,19,0.0000,1,2.0032
small8,36,2,19,19,0.0000,1,2.0028
small8,37,2,19,19,0.0000,1,2.0032
small8,38,2,19,19,0.0000,1,2.0024
small8,39,2,19,19,0.0000,1,2.0003
small8,40,2,19,19,0.0000,1,2.0026
small8,41,2,19,19,0.0000,1,2.0007
small8,42,2,19,19,0.0000,1,2.0030
small8,43,2,19,19,0.0000,1,2.0011
small8,44,2,19,19,0.0000,1,2.0026
small8,45,2,19,19,0.0000,1,2.0017
small8,46,2,19,19,0.0000,1,2.0020
small8,47,2,19,19,0.0000,1,2.0003
small8,48,2,19,19,0.0000,1,2.0064
small8,49,2,19,19,0.0000,1,2.0003
small8,50,2,19,19,0.0000,1,2.0045
small9,1,2,21,21,0.0000,1,2.0003
small9,2,2,21,21,0.0000,1,2.0008
small9,3,2,21,21,0.0000,1,2.0024
small9,4,2,21,21,0.0000,1,2.0009
small9,5,2,21,21,0.0000,1,2.0024
small9,6,2,21,21,0.0000,1,2.0029
small9,7,2,21,21,0.0000,1,2.0010
small9,8,2,21,21,0.0000,1,2.0071
small9,9,2,21,21,0.0000,1,2.0096
small9,10,2,21,21,0.0000,1,2.0026
small9,11,2,21,21,0.0000,1,2.0019
small9,12,2,21,21,0.0000,1,2.0049
small9,13,2,21,21,0.0000,1,2.0028
small9,14,2,21,21,0.0000,1,2.0057
small9,15,2,21,21,0.0000,1,2.0036
small9,16,2,21,21,0.0000,1,2.0011
small9,17,2,21,21,0.0000,1,2.0005
small9,18,2,21,21,0.0000,1,2.0020
small9,19,2,21,21,0.0000,1,2.0076
small9,20,2,21,21,0.0000,1,2.0031
small9,21,2,21,21,0.0000,1,2.0018
small9,22,2,21,21,0.0000,1,2.0055
small9,23,2,21,21,0.0000,1,2.0035
small9,24,2,21,21,0.0000,1,2.0064
small9,25,2,21,21,0.0000,1,2.0034
small9,26,2,21,21,0.0000,1,2.0045
small9,27,2,21,21,0.0000,1,2.0020
small9,28,2,21,21,0.0000,1,2.0006
small9,29,2,21,21,0.0000,1,2.0016
small9,30,2,21,21,0.0000,1,2.0032
small9,31,2,21,21,0.0000,1,2.0016
small9,32,2,21,21,0.0000,1,2.0054
small9,33,2,21,21,0.0000,1,2.0084
small9,34,2,21,21,0.0000,1,2.0041
small9,35,2,21,21,0.0000,1,2.0057
small9,36,2,21,21,0.0000,1,2.0011
small9,37,2,21,21,0.0000,1,2.0009
small9,38,2,21,21,0.0000,1,2.0065
small9,39,2,21,21,0.0000,1,2.0002
small9,40,2,21,21,0.0000,1,2.0019
small9,41,2,21,21,0.0000,1,2.0004
small9,42,2,21,21,0.0000,1,2.0060
small9,43,2,21,21,0.0000,1,2.0020
small9,44,2,21,21,0.0000,1,2.0052
small9,45,2,21,21,0.0000,1,2.0011
small9,46,2,21,21,0.0000,1,2.0017
small9,47,2,21,21,0.0000,1,2.0033
small9,48,2,21,21,0.0000,1,2.0067
small9,49,2,21,21,0.0000,1,2.0010
small9,50,2,21,21,0.0000,1,2.0041
test1,1,2,2,2,0.0000,1,2.0010
test1,2,2,2,2,0.0000,1,2.0009
test1,3,2,2,2,0.0000,1,2.0003
test1,4,2,2,2,0.0000,1,2.0006
test1,5,2,2,2,0.0000,1,2.0022
test1,6,2,2,2,0.0000,1,2.0017
test1,7,2,2,2,0.0000,1,2.0014
test1,8,2,2,2,0.0000,1,2.0021
test1,9,2,2,2,0.0000,1,2.0020
test1,10,2,2,2,0.0000,1,2.0007
test1,11,2,2,2,0.0000,1,2.0003
test1,12,2,2,2,0.0000,1,2.0010
test1,13,2,2,2,0.0000,1,2.0022
test1,14,2,2,2,0.0000,1,2.0020
test1,15,2,2,2,0.0000,1,2.0012
test1,16,2,2,2,0.0000,1,2.0004
test1,17,2,2,2,0.0000,1,2.0009
test1,18,2,2,2,0.0000,1,2.0016
test1,19,2,2,2,0.0000,1,2.0018
test1,20,2,2,2,0.0000,1,2.0010
test1,21,2,2,2,0.0000,1,2.0025
test1,22,2,2,2,0.0000,1,2.0017
test1,23,2,2,2,0.0000,1,2.0006
test1,24,2,2,2,0.0000,1,2.0008
test1,25,2,2,2,0.0000,1,2.0025
test1,26,2,2,2,0.0000,1,2.0006
test1,27,2,2,2,0.0000,1,2.0011
test1,28,2,2,2,0.0000,1,2.0008
test1,29,2,2,2,0.0000,1,2.0020
test1,30,2,2,2,0.0000,1,2.0003
test1,31,2,2,2,0.0000,1,2.0014
test1,32,2,2,2,0.0000,1,2.0011
test1,33,2,2,2,0.0000,1,2.0015
test1,34,2,2,2,0.0000,1,2.0006
test1,35,2,2,2,0.0000,1,2.0016
test1,36,2,2,2,0.0000,1,2.0011
test1,37,2,2,2,0.0000,1,2.0007
test1,38,2,2,2,0.0000,1,2.0008
test1,39,2,2,2,0.0000,1,2.0007
test1,40,2,2,2,0.0000,1,2.0050
test1,41,2,2,2,0.0000,1,2.0023
test1,42,2,2,2,0.0000,1,2.0020
test1,43,2,2,2,0.0000,1,2.0001
test1,44,2,2,2,0.0000,1,2.0031
test1,45,2,2,2,0.0000,1,2.0016
test1,46,2,2,2,0.0000,1,2.0022
test1,47,2,2,2,0.0000,1,2.0015
test1,48,2,2,2,0.0000,1,2.0004
test1,49,2,2,2,0.0000,1,2.0017
test1,50,2,2,2,0.0000,1,2.0003
test2,1,2,3,3,0.0000,1,2.0029
test2,2,2,3,3,0.0000,1,2.0009
test2,3,2,3,3,0.0000,1,2.0017
test2,4,2,3,3,0.0000,1,2.0017
test2,5,2,3,3,0.0000,1,2.0002
test2,6,2,3,3,0.0000,1,2.0033
test2,7,2,3,3,0.0000,1,2.0036
test2,8,2,3,3,0.0000,1,2.0012
test2,9,2,3,3,0.0000,1,2.0006
test2,10,2,3,3,0.0000,1,2.0002
test2,11,2,3,3,0.0000,1,2.0034
test2,12,2,3,3,0.0000,1,2.0011
test2,13,2,3,3,0.0000,1,2.0012
test2,14,2,3,3,0.0000,1,2.0001
test2,15,2,3,3,0.0000,1,2.0102
test2,16,2,3,3,0.0000,1,2.0015
test2,17,2,3,3,0.0000,1,2.0022
test2,18,2,3,3,0.0000,1,2.0017
test2,19,2,3,3,0.0000,1,2.0030
test2,20,2,3,3,0.0000,1,2.0140
test2,21,2,3,3,0.0000,1,2.0015
test2,22,2,3,3,0.0000,1,2.0012
test2,23,2,3,3,0.0000,1,2.0048
test2,24,2,3,3,0.0000,1,2.0005
test2,25,2,3,3,0.0000,1,2.0028
test2,26,2,3,3,0.0000,1,2.0025
test2,27,2,3,3,0.0000,1,2.0013
test2,28,2,3,3,0.0000,1,2.0002
test2,29,2,3,3,0.0000,1,2.0004
test2,30,2,3,3,0.0000,1,2.0009
test2,31,2,3,3,0.0000,1,2.0038
test2,32,2,3,3,0.0000,1,2.0012
test2,33,2,3,3,0.0000,1,2.0002
test2,34,2,3,3,0.0000,1,2.0070
test2,35,2,3,3,0.0000,1,2.0026
test2,36,2,3,3,0.0000,1,2.0001
test2,37,2,3,3,0.0000,1,2.0006
test2,38,2,3,3,0.0000,1,2.0019
test2,39,2,3,3,0.0000,1,2.0008
test2,40,2,3,3,0.0000,1,2.0012
test2,41,2,3,3,0.0000,1,2.0006
test2,42,2,3,3,0.0000,1,2.0004
test2,43,2,3,3,0.0000,1,2.0012
test2,44,2,3,3,0.0000,1,2.0008
test2,45,2,3,3,0.0000,1,2.0015
test2,46,2,3,3,0.0000,1,2.0004
test2,47,2,3,3,0.0000,1,2.0012
test2,48,2,3,3,0.0000,1,2.0005
test2,49,2,3,3,0.0000,1,2.0011
test2,50,2,3,3,0.0000,1,2.0030
test3,1,2,5,5,0.0000,1,2.0000
test3,2,2,5,5,0.0000,1,2.0016
test3,3,2,5,5,0.0000,1,2.0019
test3,4,2,5,5,0.0000,1,2.0008
test3,5,2,5,5,0.0000,1,2.0001
test3,6,2,5,5,0.0000,1,2.0004
test3,7,2,5,5,0.0000,1,2.0004
test3,8,2,5,5,0.0000,1,2.0005
test3,9,2,5,5,0.0000,1,2.0008
test3,10,2,5,5,0.0000,1,2.0029
test3,11,2,5,5,0.0000,1,2.0001
test3,12,2,5,5,0.0000,1,2.0021
test3,13,2,5,5,0.0000,1,2.0013
test3,14,2,5,5,0.0000,1,2.0008
test3,15,2,5,5,0.0000,1,2.0006
test3,16,2,5,5,0.0000,1,2.0006
test3,17,2,5,5,0.0000,1,2.0001
test3,18,2,5,5,0.0000,1,2.0005
test3,19,2,5,5,0.0000,1,2.0020
test3,20,2,5,5,0.0000,1,2.0012
test3,21,2,5,5,0.0000,1,2.0002
test3,22,2,5,5,0.0000,1,2.0011
test3,23,2,5,5,0.0000,1,2.0007
test3,24,2,5,5,0.0000,1,2.0016
test3,25,2,5,5,0.0000,1,2.0002
test3,26,2,5,5,0.0000,1,2.0014
test3,27,2,5,5,0.0000,1,2.0049
test3,28,2,5,5,0.0000,1,2.0011
test3,29,2,5,5,0.0000,1,2.0026
test3,30,2,5,5,0.0000,1,2.0016
test3,31,2,5,5,0.0000,1,2.0014
test3,32,2,5,5,0.0000,1,2.0008
test3,33,2,5,5,0.0000,1,2.0024
test3,34,2,5,5,0.0000,1,2.0002
test3,35,2,5,5,0.0000,1,2.0016
test3,36,2,5,5,0.0000,1,2.0012
test3,37,2,5,5,0.0000,1,2.0021
test3,38,2,5,5,0.0000,1,2.0009
test3,39,2,5,5,0.0000,1,2.0023
test3,40,2,5,5,0.0000,1,2.0015
test3,41,2,5,5,0.0000,1,2.0023
test3,42,2,5,5,0.0000,1,2.0008
test3,43,2,5,5,0.0000,1,2.0034
test3,44,2,5,5,0.0000,1,2.0047
test3,45,2,5,5,0.0000,1,2.0009
test3,46,2,5,5,0.0000,1,2.0007
test3,47,2,5,5,0.0000,1,2.0027
test3,48,2,5,5,0.0000,1,2.0009
test3,49,2,5,5,0.0000,1,2.0009
test3,50,2,5,5,0.0000,1,2.0066
test4,1,2,7,7,0.0000,1,2.0058
test4,2,2,7,7,0.0000,1,2.0006
test4,3,2,7,7,0.0000,1,2.0005
test4,4,2,7,7,0.0000,1,2.0015
test4,5,2,7,7,0.0000,1,2.0003
test4,6,2,7,7,0.0000,1,2.0025
test4,7,2,7,7,0.0000,1,2.0039
test4,8,2,7,7,0.0000,1,2.0011
test4,9,2,7,7,0.0000,1,2.0014
test4,10,2,7,7,0.0000,1,2.0019
test4,11,2,7,7,0.0000,1,2.0013
test4,12,2,7,7,0.0000,1,2.0012
test4,13,2,7,7,0.0000,1,2.0001
test4,14,2,7,7,0.0000,1,2.0040
test4,15,2,7,7,0.0000,1,2.0114
test4,16,2,7,7,0.0000,1,2.0002
test4,17,2,7,7,0.0000,1,2.0011
test4,18,2,7,7,0.0000,1,2.0011
test4,19,2,7,7,0.0000,1,2.0087
test4,20,2,7,7,0.0000,1,2.0021
test4,21,2,7,7,0.0000,1,2.0006
test4,22,2,7,7,0.0000,1,2.0013
test4,23,2,7,7,0.0000,1,2.0008
test4,24,2,7,7,0.0000,1,2.0064
test4,25,2,7,7,0.0000,1,2.0025
test4,26,2,7,7,0.0000,1,2.0026
test4,27,2,7,7,0.0000,1,2.0016
test4,28,2,7,7,0.0000,1,2.0021
test4,29,2,7,7,0.0000,1,2.0010
test4,30,2,7,7,0.0000,1,2.0008
test4,31,2,7,7,0.0000,1,2.0268
test4,32,2,7,7,0.0000,1,2.0058
test4,33,2,7,7,0.0000,1,2.0079
test4,34,2,7,7,0.0000,1,2.0046
test4,35,2,7,7,0.0000,1,2.0082
test4,36,2,7,7,0.0000,1,2.0113
test4,37,2,7,7,0.0000,1,2.0034
test4,38,2,7,7,0.0000,1,2.0022
test4,39,2,7,7,0.0000,1,2.0011
test4,40,2,7,7,0.0000,1,2.0012
test4,41,2,7,7,0.0000,1,2.0001
test4,42,2,7,7,0.0000,1,2.0038
test4,43,2,7,7,0.0000,1,2.0027
test4,44,2,7,7,0.0000,1,2.0019
test4,45,2,7,7,0.0000,1,2.0050
test4,46,2,7,7,0.0000,1,2.0011
test4,47,2,7,7,0.0000,1,2.0000
test4,48,2,7,7,0.0000,1,2.0045
test4,49,2,7,7,0.0000,1,2.0002
test4,50,2,7,7,0.0000,1,2.0005
test5,1,2,7,7,0.0000,1,2.0294
test5,2,2,7,7,0.0000,1,2.0477
test5,3,2,7,7,0.0000,1,2.0437
test5,4,2,7,7,0.0000,1,2.0316
test5,5,2,7,7,0.0000,1,2.0253
test5,6,2,7,7,0.0000,1,2.0254
test5,7,2,7,7,0.0000,1,2.0188
test5,8,2,7,7,0.0000,1,2.0280
test5,9,2,7,7,0.0000,1,2.0175
test5,10,2,7,7,0.0000,1,2.0300
test5,11,2,7,7,0.0000,1,2.0017
test5,12,2,7,7,0.0000,1,2.0026
test5,13,2,7,7,0.0000,1,2.0008
test5,14,2,7,7,0.0000,1,2.0018
test5,15,2,7,7,0.0000,1,2.0016
test5,16,2,7,7,0.0000,1,2.0021
test5,17,2,7,7,0.0000,1,2.0027
test5,18,2,7,7,0.0000,1,2.0004
test5,19,2,7,7,0.0000,1,2.0022
test5,20,2,7,7,0.0000,1,2.0002
test5,21,2,7,7,0.0000,1,2.0004
test5,22,2,7,7,0.0000,1,2.0009
test5,23,2,7,7,0.0000,1,2.0027
test5,24,2,7,7,0.0000,1,2.0019
test5,25,2,7,7,0.0000,1,2.0005
test5,26,2,7,7,0.0000,1,2.0018
test5,27,2,7,7,0.0000,1,2.0014
test5,28,2,7,7,0.0000,1,2.0008
test5,29,2,7,7,0.0000,1,2.0043
test5,30,2,7,7,0.0000,1,2.0036
test5,31,2,7,7,0.0000,1,2.0026
test5,32,2,7,7,0.0000,1,2.0223
test5,33,2,7,7,0.0000,1,2.0006
test5,34,2,7,7,0.0000,1,2.0051
test5,35,2,7,7,0.0000,1,2.0048
test5,36,2,7,7,0.0000,1,2.0015
test5,37,2,7,7,0.0000,1,2.0049
test5,38,2,7,7,0.0000,1,2.0021
test5,39,2,7,7,0.0000,1,2.0037
test5,40,2,7,7,0.0000,1,2.0001
test5,41,2,7,7,0.0000,1,2.0009
test5,42,2,7,7,0.0000,1,2.0016
test5,43,2,7,7,0.0000,1,2.0045
test5,44,2,7,7,0.0000,1,2.0008
test5,45,2,7,7,0.0000,1,2.0073
test5,46,2,7,7,0.0000,1,2.0018
test5,47,2,7,7,0.0000,1,2.0001
test5,48,2,7,7,0.0000,1,2.0062
test5,49,2,7,7,0.0000,1,2.0014
test5,50,2,7,7,0.0000,1,2.0022
